SET NAMES utf8mb4;
SET FOREIGN_KEY_CHECKS = 0;
DELETE op FROM order_products op JOIN `order` o ON op.order_id = o.order_id WHERE o.remark = 'synthetic-eval';
DELETE FROM `order` WHERE remark = 'synthetic-eval';
DELETE FROM address WHERE detail LIKE '%模拟评估%';
INSERT INTO address (address_id, name, phone, detail, is_default, user_id, create_time) VALUES ('synthetic-address-201', '陈晨', '1390000201', '成都市高新区模拟评估1号', 1, 201, '2025-10-18 08:00:00');
INSERT INTO `order` (order_id, name, phone, address, total_amount, product_count, status, remark, user_id, create_time) VALUES ('OR20251019090000201', '陈晨', '1390000201', '成都市高新区模拟评估1号', 32.70, 3, '已完成', 'synthetic-eval', 201, '2025-10-19 09:00:00');
INSERT INTO order_products (order_id, image, name, price, quantity) VALUES ('OR20251019090000201', NULL, '芒果干', 19, 1);
INSERT INTO order_products (order_id, image, name, price, quantity) VALUES ('OR20251019090000201', NULL, '果汁饮料', 7, 2);
INSERT INTO `order` (order_id, name, phone, address, total_amount, product_count, status, remark, user_id, create_time) VALUES ('OR20251020091500201', '陈晨', '1390000201', '成都市高新区模拟评估1号', 32.80, 2, '已完成', 'synthetic-eval', 201, '2025-10-20 09:15:00');
INSERT INTO order_products (order_id, image, name, price, quantity) VALUES ('OR20251020091500201', NULL, '猕猴桃干', 20, 1);
INSERT INTO order_products (order_id, image, name, price, quantity) VALUES ('OR20251020091500201', NULL, '夹心饼干', 13, 1);
INSERT INTO `order` (order_id, name, phone, address, total_amount, product_count, status, remark, user_id, create_time) VALUES ('OR20251021093000201', '陈晨', '1390000201', '成都市高新区模拟评估1号', 30.70, 3, '已完成', 'synthetic-eval', 201, '2025-10-21 09:30:00');
INSERT INTO order_products (order_id, image, name, price, quantity) VALUES ('OR20251021093000201', NULL, '酸奶', 9, 2);
INSERT INTO order_products (order_id, image, name, price, quantity) VALUES ('OR20251021093000201', NULL, '葡萄干', 13, 1);
INSERT INTO `order` (order_id, name, phone, address, total_amount, product_count, status, remark, user_id, create_time) VALUES ('OR20251022094500201', '陈晨', '1390000201', '成都市高新区模拟评估1号', 34.80, 2, '待收货', 'synthetic-eval', 201, '2025-10-22 09:45:00');
INSERT INTO order_products (order_id, image, name, price, quantity) VALUES ('OR20251022094500201', NULL, '香蕉片', 12, 1);
INSERT INTO order_products (order_id, image, name, price, quantity) VALUES ('OR20251022094500201', NULL, '华夫饼', 23, 1);
INSERT INTO address (address_id, name, phone, detail, is_default, user_id, create_time) VALUES ('synthetic-address-202', '林悦', '1390000202', '成都市高新区模拟评估2号', 1, 202, '2025-10-18 08:00:00');
INSERT INTO `order` (order_id, name, phone, address, total_amount, product_count, status, remark, user_id, create_time) VALUES ('OR20251019100000202', '林悦', '1390000202', '成都市高新区模拟评估2号', 25.80, 2, '已完成', 'synthetic-eval', 202, '2025-10-19 10:00:00');
INSERT INTO order_products (order_id, image, name, price, quantity) VALUES ('OR20251019100000202', NULL, '芒果干', 19, 1);
INSERT INTO order_products (order_id, image, name, price, quantity) VALUES ('OR20251019100000202', NULL, '果汁饮料', 7, 1);
INSERT INTO `order` (order_id, name, phone, address, total_amount, product_count, status, remark, user_id, create_time) VALUES ('OR20251020101500202', '林悦', '1390000202', '成都市高新区模拟评估2号', 46.70, 3, '已完成', 'synthetic-eval', 202, '2025-10-20 10:15:00');
INSERT INTO order_products (order_id, image, name, price, quantity) VALUES ('OR20251020101500202', NULL, '香蕉片', 12, 2);
INSERT INTO order_products (order_id, image, name, price, quantity) VALUES ('OR20251020101500202', NULL, '华夫饼', 23, 1);
INSERT INTO `order` (order_id, name, phone, address, total_amount, product_count, status, remark, user_id, create_time) VALUES ('OR20251021103000202', '林悦', '1390000202', '成都市高新区模拟评估2号', 24.80, 2, '已完成', 'synthetic-eval', 202, '2025-10-21 10:30:00');
INSERT INTO order_products (order_id, image, name, price, quantity) VALUES ('OR20251021103000202', NULL, '酸奶', 9, 1);
INSERT INTO order_products (order_id, image, name, price, quantity) VALUES ('OR20251021103000202', NULL, '威化饼干', 16, 1);
INSERT INTO `order` (order_id, name, phone, address, total_amount, product_count, status, remark, user_id, create_time) VALUES ('OR20251022104500202', '林悦', '1390000202', '成都市高新区模拟评估2号', 32.80, 2, '待收货', 'synthetic-eval', 202, '2025-10-22 10:45:00');
INSERT INTO order_products (order_id, image, name, price, quantity) VALUES ('OR20251022104500202', NULL, '猕猴桃干', 20, 1);
INSERT INTO order_products (order_id, image, name, price, quantity) VALUES ('OR20251022104500202', NULL, '夹心饼干', 13, 1);
INSERT INTO address (address_id, name, phone, detail, is_default, user_id, create_time) VALUES ('synthetic-address-203', '周宁', '1390000203', '成都市高新区模拟评估3号', 1, 203, '2025-10-18 08:00:00');
INSERT INTO `order` (order_id, name, phone, address, total_amount, product_count, status, remark, user_id, create_time) VALUES ('OR20251019110000203', '周宁', '1390000203', '成都市高新区模拟评估3号', 27.80, 2, '已完成', 'synthetic-eval', 203, '2025-10-19 11:00:00');
INSERT INTO order_products (order_id, image, name, price, quantity) VALUES ('OR20251019110000203', NULL, '芒果干', 19, 1);
INSERT INTO order_products (order_id, image, name, price, quantity) VALUES ('OR20251019110000203', NULL, '酸奶', 9, 1);
INSERT INTO `order` (order_id, name, phone, address, total_amount, product_count, status, remark, user_id, create_time) VALUES ('OR20251020111500203', '周宁', '1390000203', '成都市高新区模拟评估3号', 34.80, 2, '已完成', 'synthetic-eval', 203, '2025-10-20 11:15:00');
INSERT INTO order_products (order_id, image, name, price, quantity) VALUES ('OR20251020111500203', NULL, '香蕉片', 12, 1);
INSERT INTO order_products (order_id, image, name, price, quantity) VALUES ('OR20251020111500203', NULL, '华夫饼', 23, 1);
INSERT INTO `order` (order_id, name, phone, address, total_amount, product_count, status, remark, user_id, create_time) VALUES ('OR20251021113000203', '周宁', '1390000203', '成都市高新区模拟评估3号', 19.80, 2, '已完成', 'synthetic-eval', 203, '2025-10-21 11:30:00');
INSERT INTO order_products (order_id, image, name, price, quantity) VALUES ('OR20251021113000203', NULL, '夹心饼干', 13, 1);
INSERT INTO order_products (order_id, image, name, price, quantity) VALUES ('OR20251021113000203', NULL, '果汁饮料', 7, 1);
INSERT INTO `order` (order_id, name, phone, address, total_amount, product_count, status, remark, user_id, create_time) VALUES ('OR20251022114500203', '周宁', '1390000203', '成都市高新区模拟评估3号', 32.80, 2, '待收货', 'synthetic-eval', 203, '2025-10-22 11:45:00');
INSERT INTO order_products (order_id, image, name, price, quantity) VALUES ('OR20251022114500203', NULL, '猕猴桃干', 20, 1);
INSERT INTO order_products (order_id, image, name, price, quantity) VALUES ('OR20251022114500203', NULL, '葡萄干', 13, 1);
INSERT INTO address (address_id, name, phone, detail, is_default, user_id, create_time) VALUES ('synthetic-address-204', '赵航', '1390000204', '成都市锦江区模拟评估4号', 1, 204, '2025-10-18 08:00:00');
INSERT INTO `order` (order_id, name, phone, address, total_amount, product_count, status, remark, user_id, create_time) VALUES ('OR20251019130000204', '赵航', '1390000204', '成都市锦江区模拟评估4号', 20.70, 3, '已完成', 'synthetic-eval', 204, '2025-10-19 13:00:00');
INSERT INTO order_products (order_id, image, name, price, quantity) VALUES ('OR20251019130000204', NULL, '薯片', 8, 2);
INSERT INTO order_products (order_id, image, name, price, quantity) VALUES ('OR20251019130000204', NULL, '碳酸饮料', 5, 1);
INSERT INTO `order` (order_id, name, phone, address, total_amount, product_count, status, remark, user_id, create_time) VALUES ('OR20251020131500204', '赵航', '1390000204', '成都市锦江区模拟评估4号', 19.80, 2, '已完成', 'synthetic-eval', 204, '2025-10-20 13:15:00');
INSERT INTO order_products (order_id, image, name, price, quantity) VALUES ('OR20251020131500204', NULL, '虾条', 7, 1);
INSERT INTO order_products (order_id, image, name, price, quantity) VALUES ('OR20251020131500204', NULL, '爆米花', 13, 1);
INSERT INTO `order` (order_id, name, phone, address, total_amount, product_count, status, remark, user_id, create_time) VALUES ('OR20251021133000204', '赵航', '1390000204', '成都市锦江区模拟评估4号', 13.80, 2, '已完成', 'synthetic-eval', 204, '2025-10-21 13:30:00');
INSERT INTO order_products (order_id, image, name, price, quantity) VALUES ('OR20251021133000204', NULL, '气泡水', 5, 1);
INSERT INTO order_products (order_id, image, name, price, quantity) VALUES ('OR20251021133000204', NULL, '洋葱圈', 9, 1);
INSERT INTO `order` (order_id, name, phone, address, total_amount, product_count, status, remark, user_id, create_time) VALUES ('OR20251022134500204', '赵航', '1390000204', '成都市锦江区模拟评估4号', 20.80, 2, '待收货', 'synthetic-eval', 204, '2025-10-22 13:45:00');
INSERT INTO order_products (order_id, image, name, price, quantity) VALUES ('OR20251022134500204', NULL, '玉米片', 9, 1);
INSERT INTO order_products (order_id, image, name, price, quantity) VALUES ('OR20251022134500204', NULL, '芝士球', 12, 1);
INSERT INTO address (address_id, name, phone, detail, is_default, user_id, create_time) VALUES ('synthetic-address-205', '孙琪', '1390000205', '成都市锦江区模拟评估5号', 1, 205, '2025-10-18 08:00:00');
INSERT INTO `order` (order_id, name, phone, address, total_amount, product_count, status, remark, user_id, create_time) VALUES ('OR20251019140000205', '孙琪', '1390000205', '成都市锦江区模拟评估5号', 17.70, 3, '已完成', 'synthetic-eval', 205, '2025-10-19 14:00:00');
INSERT INTO order_products (order_id, image, name, price, quantity) VALUES ('OR20251019140000205', NULL, '薯片', 8, 1);
INSERT INTO order_products (order_id, image, name, price, quantity) VALUES ('OR20251019140000205', NULL, '碳酸饮料', 5, 2);
INSERT INTO `order` (order_id, name, phone, address, total_amount, product_count, status, remark, user_id, create_time) VALUES ('OR20251020141500205', '孙琪', '1390000205', '成都市锦江区模拟评估5号', 20.80, 2, '已完成', 'synthetic-eval', 205, '2025-10-20 14:15:00');
INSERT INTO order_products (order_id, image, name, price, quantity) VALUES ('OR20251020141500205', NULL, '玉米片', 9, 1);
INSERT INTO order_products (order_id, image, name, price, quantity) VALUES ('OR20251020141500205', NULL, '芝士球', 12, 1);
INSERT INTO `order` (order_id, name, phone, address, total_amount, product_count, status, remark, user_id, create_time) VALUES ('OR20251021143000205', '孙琪', '1390000205', '成都市锦江区模拟评估5号', 17.80, 2, '已完成', 'synthetic-eval', 205, '2025-10-21 14:30:00');
INSERT INTO order_products (order_id, image, name, price, quantity) VALUES ('OR20251021143000205', NULL, '爆米花', 13, 1);
INSERT INTO order_products (order_id, image, name, price, quantity) VALUES ('OR20251021143000205', NULL, '气泡水', 5, 1);
INSERT INTO `order` (order_id, name, phone, address, total_amount, product_count, status, remark, user_id, create_time) VALUES ('OR20251022144500205', '孙琪', '1390000205', '成都市锦江区模拟评估5号', 15.80, 2, '待收货', 'synthetic-eval', 205, '2025-10-22 14:45:00');
INSERT INTO order_products (order_id, image, name, price, quantity) VALUES ('OR20251022144500205', NULL, '虾条', 7, 1);
INSERT INTO order_products (order_id, image, name, price, quantity) VALUES ('OR20251022144500205', NULL, '洋葱圈', 9, 1);
INSERT INTO address (address_id, name, phone, detail, is_default, user_id, create_time) VALUES ('synthetic-address-206', '吴桐', '1390000206', '成都市锦江区模拟评估6号', 1, 206, '2025-10-18 08:00:00');
INSERT INTO `order` (order_id, name, phone, address, total_amount, product_count, status, remark, user_id, create_time) VALUES ('OR20251019150000206', '吴桐', '1390000206', '成都市锦江区模拟评估6号', 15.80, 2, '已完成', 'synthetic-eval', 206, '2025-10-19 15:00:00');
INSERT INTO order_products (order_id, image, name, price, quantity) VALUES ('OR20251019150000206', NULL, '虾条', 7, 1);
INSERT INTO order_products (order_id, image, name, price, quantity) VALUES ('OR20251019150000206', NULL, '玉米片', 9, 1);
INSERT INTO `order` (order_id, name, phone, address, total_amount, product_count, status, remark, user_id, create_time) VALUES ('OR20251020151500206', '吴桐', '1390000206', '成都市锦江区模拟评估6号', 21.80, 2, '已完成', 'synthetic-eval', 206, '2025-10-20 15:15:00');
INSERT INTO order_products (order_id, image, name, price, quantity) VALUES ('OR20251020151500206', NULL, '爆米花', 13, 1);
INSERT INTO order_products (order_id, image, name, price, quantity) VALUES ('OR20251020151500206', NULL, '洋葱圈', 9, 1);
INSERT INTO `order` (order_id, name, phone, address, total_amount, product_count, status, remark, user_id, create_time) VALUES ('OR20251021153000206', '吴桐', '1390000206', '成都市锦江区模拟评估6号', 16.80, 2, '已完成', 'synthetic-eval', 206, '2025-10-21 15:30:00');
INSERT INTO order_products (order_id, image, name, price, quantity) VALUES ('OR20251021153000206', NULL, '气泡水', 5, 1);
INSERT INTO order_products (order_id, image, name, price, quantity) VALUES ('OR20251021153000206', NULL, '芝士球', 12, 1);
INSERT INTO `order` (order_id, name, phone, address, total_amount, product_count, status, remark, user_id, create_time) VALUES ('OR20251022154500206', '吴桐', '1390000206', '成都市锦江区模拟评估6号', 12.80, 2, '待收货', 'synthetic-eval', 206, '2025-10-22 15:45:00');
INSERT INTO order_products (order_id, image, name, price, quantity) VALUES ('OR20251022154500206', NULL, '薯片', 8, 1);
INSERT INTO order_products (order_id, image, name, price, quantity) VALUES ('OR20251022154500206', NULL, '碳酸饮料', 5, 1);
INSERT INTO address (address_id, name, phone, detail, is_default, user_id, create_time) VALUES ('synthetic-address-207', '许川', '1390000207', '成都市武侯区模拟评估7号', 1, 207, '2025-10-18 08:00:00');
INSERT INTO `order` (order_id, name, phone, address, total_amount, product_count, status, remark, user_id, create_time) VALUES ('OR20251019170000207', '许川', '1390000207', '成都市武侯区模拟评估7号', 91.80, 2, '已完成', 'synthetic-eval', 207, '2025-10-19 17:00:00');
INSERT INTO order_products (order_id, image, name, price, quantity) VALUES ('OR20251019170000207', NULL, '开心果', 46, 1);
INSERT INTO order_products (order_id, image, name, price, quantity) VALUES ('OR20251019170000207', NULL, '牛肉干', 46, 1);
INSERT INTO `order` (order_id, name, phone, address, total_amount, product_count, status, remark, user_id, create_time) VALUES ('OR20251020171500207', '许川', '1390000207', '成都市武侯区模拟评估7号', 68.80, 2, '已完成', 'synthetic-eval', 207, '2025-10-20 17:15:00');
INSERT INTO order_products (order_id, image, name, price, quantity) VALUES ('OR20251020171500207', NULL, '原味瓜子', 16, 1);
INSERT INTO order_products (order_id, image, name, price, quantity) VALUES ('OR20251020171500207', NULL, '手撕牛肉', 53, 1);
INSERT INTO `order` (order_id, name, phone, address, total_amount, product_count, status, remark, user_id, create_time) VALUES ('OR20251021173000207', '许川', '1390000207', '成都市武侯区模拟评估7号', 71.80, 2, '已完成', 'synthetic-eval', 207, '2025-10-21 17:30:00');
INSERT INTO order_products (order_id, image, name, price, quantity) VALUES ('OR20251021173000207', NULL, '牛肉干', 46, 1);
INSERT INTO order_products (order_id, image, name, price, quantity) VALUES ('OR20251021173000207', NULL, '原味肉松', 26, 1);
INSERT INTO `order` (order_id, name, phone, address, total_amount, product_count, status, remark, user_id, create_time) VALUES ('OR20251022174500207', '许川', '1390000207', '成都市武侯区模拟评估7号', 52.80, 2, '待收货', 'synthetic-eval', 207, '2025-10-22 17:45:00');
INSERT INTO order_products (order_id, image, name, price, quantity) VALUES ('OR20251022174500207', NULL, '巴旦木', 36, 1);
INSERT INTO order_products (order_id, image, name, price, quantity) VALUES ('OR20251022174500207', NULL, '五香瓜子', 17, 1);
INSERT INTO address (address_id, name, phone, detail, is_default, user_id, create_time) VALUES ('synthetic-address-208', '何薇', '1390000208', '成都市武侯区模拟评估8号', 1, 208, '2025-10-18 08:00:00');
INSERT INTO `order` (order_id, name, phone, address, total_amount, product_count, status, remark, user_id, create_time) VALUES ('OR20251019180000208', '何薇', '1390000208', '成都市武侯区模拟评估8号', 91.80, 2, '已完成', 'synthetic-eval', 208, '2025-10-19 18:00:00');
INSERT INTO order_products (order_id, image, name, price, quantity) VALUES ('OR20251019180000208', NULL, '开心果', 46, 1);
INSERT INTO order_products (order_id, image, name, price, quantity) VALUES ('OR20251019180000208', NULL, '牛肉干', 46, 1);
INSERT INTO `order` (order_id, name, phone, address, total_amount, product_count, status, remark, user_id, create_time) VALUES ('OR20251020181500208', '何薇', '1390000208', '成都市武侯区模拟评估8号', 52.80, 2, '已完成', 'synthetic-eval', 208, '2025-10-20 18:15:00');
INSERT INTO order_products (order_id, image, name, price, quantity) VALUES ('OR20251020181500208', NULL, '巴旦木', 36, 1);
INSERT INTO order_products (order_id, image, name, price, quantity) VALUES ('OR20251020181500208', NULL, '五香瓜子', 17, 1);
INSERT INTO `order` (order_id, name, phone, address, total_amount, product_count, status, remark, user_id, create_time) VALUES ('OR20251021183000208', '何薇', '1390000208', '成都市武侯区模拟评估8号', 58.80, 2, '已完成', 'synthetic-eval', 208, '2025-10-21 18:30:00');
INSERT INTO order_products (order_id, image, name, price, quantity) VALUES ('OR20251021183000208', NULL, '猪肉脯', 33, 1);
INSERT INTO order_products (order_id, image, name, price, quantity) VALUES ('OR20251021183000208', NULL, '原味肉松', 26, 1);
INSERT INTO `order` (order_id, name, phone, address, total_amount, product_count, status, remark, user_id, create_time) VALUES ('OR20251022184500208', '何薇', '1390000208', '成都市武侯区模拟评估8号', 68.80, 2, '待收货', 'synthetic-eval', 208, '2025-10-22 18:45:00');
INSERT INTO order_products (order_id, image, name, price, quantity) VALUES ('OR20251022184500208', NULL, '原味瓜子', 16, 1);
INSERT INTO order_products (order_id, image, name, price, quantity) VALUES ('OR20251022184500208', NULL, '手撕牛肉', 53, 1);
INSERT INTO address (address_id, name, phone, detail, is_default, user_id, create_time) VALUES ('synthetic-address-209', '高原', '1390000209', '成都市武侯区模拟评估9号', 1, 209, '2025-10-18 08:00:00');
INSERT INTO `order` (order_id, name, phone, address, total_amount, product_count, status, remark, user_id, create_time) VALUES ('OR20251019190000209', '高原', '1390000209', '成都市武侯区模拟评估9号', 81.80, 2, '已完成', 'synthetic-eval', 209, '2025-10-19 19:00:00');
INSERT INTO order_products (order_id, image, name, price, quantity) VALUES ('OR20251019190000209', NULL, '开心果', 46, 1);
INSERT INTO order_products (order_id, image, name, price, quantity) VALUES ('OR20251019190000209', NULL, '巴旦木', 36, 1);
INSERT INTO `order` (order_id, name, phone, address, total_amount, product_count, status, remark, user_id, create_time) VALUES ('OR20251020191500209', '高原', '1390000209', '成都市武侯区模拟评估9号', 62.80, 2, '已完成', 'synthetic-eval', 209, '2025-10-20 19:15:00');
INSERT INTO order_products (order_id, image, name, price, quantity) VALUES ('OR20251020191500209', NULL, '牛肉干', 46, 1);
INSERT INTO order_products (order_id, image, name, price, quantity) VALUES ('OR20251020191500209', NULL, '五香瓜子', 17, 1);
INSERT INTO `order` (order_id, name, phone, address, total_amount, product_count, status, remark, user_id, create_time) VALUES ('OR20251021193000209', '高原', '1390000209', '成都市武侯区模拟评估9号', 48.80, 2, '已完成', 'synthetic-eval', 209, '2025-10-21 19:30:00');
INSERT INTO order_products (order_id, image, name, price, quantity) VALUES ('OR20251021193000209', NULL, '猪肉脯', 33, 1);
INSERT INTO order_products (order_id, image, name, price, quantity) VALUES ('OR20251021193000209', NULL, '原味瓜子', 16, 1);
INSERT INTO `order` (order_id, name, phone, address, total_amount, product_count, status, remark, user_id, create_time) VALUES ('OR20251022194500209', '高原', '1390000209', '成都市武侯区模拟评估9号', 78.80, 2, '待收货', 'synthetic-eval', 209, '2025-10-22 19:45:00');
INSERT INTO order_products (order_id, image, name, price, quantity) VALUES ('OR20251022194500209', NULL, '手撕牛肉', 53, 1);
INSERT INTO order_products (order_id, image, name, price, quantity) VALUES ('OR20251022194500209', NULL, '原味肉松', 26, 1);
SET FOREIGN_KEY_CHECKS = 1;
